{
  "Version": "2012-10-17",
  "Statement": [
    {
      "Effect": "Allow",
      "Action": [
        "logs:CreateLogGroup",
        "logs:CreateLogStream",
        "logs:PutLogEvents"
      ],
      "Resource": "*"
    },
    {
      "Effect": "Allow",
      "Action": [
        "sts:AssumeRole"
      ],
      "Resource": "*"
    },
    {
      "Effect": "Allow",
      "Action": [
        "s3:CreateBucket",
        "s3:ListAllMyBuckets",
        "s3:GetBucketLocation",
        "s3:PutBucketPublicAccessBlock"
      ],
      "Resource": [
        "*"
      ]
    },
    {
      "Effect": "Allow",
      "Action": [
        "s3:ListBucket",
        "s3:GetObject"
      ],
      "Resource": [
        "{bucket_arn}/{tenant_id}/*",
        "{bucket_arn}/{tenant_id}/{user_id}/*"
      ]
    },
    {
      "Effect": "Allow",
      "Action": [
        "s3:PutObject",
        "s3:PutObjectTagging"
      ],
      "Resource": [
        "{bucket_arn}/{tenant_id}/{user_id}/*"
      ]
    },
    {
      "Effect": "Allow",
      "Action": [
        "dynamodb:PutItem"
      ],
      "Resource": [
        "{nosql_table_arn}"
      ],
      "Condition": {
        "ForAllValues:StringEquals": {
          "dynamodb:LeadingKeys": [
            "{nosql_partition_key}"
          ]
        }
      }
    },
    {
      "Effect": "Allow",
      "Action": [
        "dynamodb:Query"
      ],
      "Resource": [
        "{nosql_table_arn}"
      ],
      "Condition": {
        "ForAllValues:StringEquals": {
          "dynamodb:LeadingKeys": [
            "{nosql_partition_key}"
          ]
        }
      }
    }
  ]
}