{
  "Version": "2012-10-17",
  "Statement": [
    {
      "Effect": "Allow",
      "Action": [
        "logs:CreateLogGroup",
        "logs:CreateLogStream",
        "logs:PutLogEvents"
      ],
      "Resource": "*"
    },
    {
      "Effect": "Allow",
      "Action": [
        "sts:AssumeRole"
      ],
      "Resource": "*"
    },
    {
      "Effect": "Allow",
      "Action": [
        "s3:CreateBucket",
        "s3:ListAllMyBuckets",
        "s3:GetBucketLocation",
        "s3:PutBucketPublicAccessBlock"
      ],
      "Resource": [
        "*"
      ]
    },
    {
      "Effect": "Allow",
      "Action": [
        "s3:ListBucket"
      ],
      "Resource": [
        "{bucket_arn}"
      ],
      "Condition": {
        "StringEquals": {
          "s3:prefix": "{tenant_id}/{user_id}"
        }
      }
    },
    {
      "Effect": "Allow",
      "Action": [
        "s3:PutObject"
      ],
      "Resource": [
        "{bucket_arn}/{tenant_id}/{user_id}/*"
      ]
    },
    {
      "Effect": "Allow",
      "Action": [
        "s3:GetObject"
      ],
      "Resource": [
        "{bucket_arn}/{tenant_id}/{user_id}/*"
      ],
      "Condition": {
        "StringLike": {
          "s3:prefix": "{tenant_id}/{user_id}"
        }
      }
    },
    {
      "Effect": "Allow",
      "Action": [
        "s3:PutObjectTagging"
      ],
      "Resource": [
        "{bucket_arn}/{tenant_id}/{user_id}/*"
      ],
      "Condition": {
        "StringEquals": {
          "s3:RequestObjectTag/tenant_id": "{tenant_id}"
        },
        "StringEqualsIgnoreCase": {
          "s3:RequestObjectTag/user_id": "{user_id}"
        }
      }
    },
    {
      "Effect": "Allow",
      "Action": [
        "s3:GetObjectTagging"
      ],
      "Resource": [
        "{bucket_arn}/{tenant_id}/{user_id}/*"
      ],
      "Condition": {
        "StringEquals": {
          "s3:ExistingObjectTag/tenant_id": "{tenant_id}"
        },
        "StringEqualsIgnoreCase": {
          "s3:ExistingObjectTag/user_id": "{user_id}"
        }
      }
    }
  ]
}